split,docs,mentions,unique_qids,null_rate,nested_rate,avg_mention_len,mismatch_rate_entities_vs_slice
train,746,30259,5904,0.14990581314650187,0.2492481575729535,13.478733599920684,0.0
dev,94,3557,1120,0.15490581951082372,0.2378408771436604,13.168681473151532,0.0
test,93,3852,1162,0.1622533748701973,0.24454828660436137,13.73546209761163,0.0
